Date,Open,High,Low,Close,Volume
22-06-2016,1325,1338.849976,1315.880005,1333.819946,1761712
23-06-2016,1327.5,1329.75,1312.650024,1322.680054,1397014
24-06-2016,1282.569946,1296.599976,1257.069946,1286.969971,3766586
27-06-2016,1273.5,1273.5,1241.319946,1247.930054,4272566
28-06-2016,1247.930054,1251.449951,1229.199951,1231.969971,4499524
29-06-2016,1237.5,1256.25,1232.650024,1251.449951,2531264
30-06-2016,1261,1281.449951,1250.180054,1276.550049,5121812
01-07-2016,1281,1282.300049,1247.180054,1250.430054,2197296
04-07-2016,1258,1262.930054,1241,1247.099976,1883484
05-07-2016,1247.099976,1248.530029,1238.569946,1242.650024,1559748
07-07-2016,1243.849976,1245.930054,1212.5,1214.900024,3316800
08-07-2016,1217.5,1221.030029,1201.75,1213.300049,2456356
11-07-2016,1215,1235.900024,1213.5,1232.069946,1543632
12-07-2016,1235.849976,1237.5,1217.930054,1232.469971,1465536
13-07-2016,1239,1249.619995,1225.619995,1246.550049,2102300
14-07-2016,1243,1264.5,1235.5,1260.949951,2699988
15-07-2016,1258.5,1263.900024,1213.280029,1222.680054,8336366
18-07-2016,1223.5,1234.5,1215.300049,1216.719971,2598850
19-07-2016,1213.75,1236.400024,1213.75,1233.099976,2362896
20-07-2016,1225,1251.25,1224.069946,1247.469971,2815252
21-07-2016,1244.75,1259.75,1232.219971,1253.030029,2527148
22-07-2016,1249.449951,1262,1246,1257.550049,1517216
25-07-2016,1256,1281.599976,1252.900024,1279.469971,1688796
26-07-2016,1279.469971,1284,1266.5,1276.300049,2311290
27-07-2016,1277.5,1290.199951,1272.5,1288.780029,1750510
28-07-2016,1290.25,1314.780029,1288.530029,1309.619995,4632080
29-07-2016,1307,1317.449951,1299.5,1309.650024,2488084
01-08-2016,1316,1362.5,1316,1354.119995,3961704
02-08-2016,1351.449951,1357.849976,1344.900024,1349.599976,2578162
03-08-2016,1343,1349.5,1324.530029,1328.150024,2294702
04-08-2016,1335,1341.469971,1318.119995,1326,1415416
05-08-2016,1336.949951,1342.150024,1316,1324.550049,1868484
08-08-2016,1320,1334,1314.530029,1324.75,2058244
09-08-2016,1329,1329.900024,1289.430054,1325.099976,2261914
10-08-2016,1325.5,1341,1324,1337.699951,2062078
11-08-2016,1332.780029,1357.5,1332.780029,1354.949951,2233138
12-08-2016,1352.5,1372.400024,1351.030029,1369.219971,2327358
16-08-2016,1369,1370,1336.930054,1345.849976,3183754
17-08-2016,1349.5,1349.5,1309,1312.280029,1848566
18-08-2016,1317.5,1328.780029,1315.050049,1319.280029,1292064
19-08-2016,1320,1323.219971,1300,1301.75,2416244
22-08-2016,1294,1297.219971,1268.150024,1274.349976,2265274
23-08-2016,1272.469971,1302.469971,1270.099976,1300.530029,1503374
24-08-2016,1294.900024,1301,1284.530029,1286.030029,1116878
25-08-2016,1290,1294.849976,1263,1275.530029,1939690
26-08-2016,1279.900024,1286.280029,1258.599976,1262.469971,1250314
29-08-2016,1267.469971,1267.469971,1233.380005,1250.280029,1488728
30-08-2016,1255,1274.900024,1250.619995,1272.069946,1444026
31-08-2016,1275,1275,1250.430054,1255.650024,3231668
01-09-2016,1262.449951,1267.469971,1243.530029,1253.75,1345736
02-09-2016,1256,1259.699951,1248.030029,1257.400024,1742330
06-09-2016,1259.949951,1260.069946,1240,1242.030029,2239066
07-09-2016,1249.849976,1249.849976,1211.5,1220.280029,3854040
08-09-2016,1180,1180,1142.380005,1161.050049,7021516
09-09-2016,1164.849976,1183.319946,1160.030029,1176.219971,2742438
12-09-2016,1168.5,1181.969971,1162,1179.530029,2024454
14-09-2016,1181,1188.800049,1155,1164.219971,2069858
15-09-2016,1169.969971,1171.050049,1158.380005,1163.469971,2818964
16-09-2016,1168.349976,1188,1160,1180.849976,4358004
19-09-2016,1182.5,1213.5,1175,1205.719971,2802546
20-09-2016,1205.5,1208.449951,1192.699951,1203.25,1184552
21-09-2016,1203.849976,1212,1200.349976,1206.699951,1678020
22-09-2016,1212.619995,1214,1185.550049,1189,2857574
23-09-2016,1191,1201.930054,1185.569946,1199.050049,1800726
26-09-2016,1200.550049,1209.550049,1197.5,1200.550049,1753476
27-09-2016,1200.550049,1224,1200.550049,1218.050049,2038792
28-09-2016,1215.5,1218.75,1207.599976,1211.530029,1731328
29-09-2016,1217.5,1228.25,1209.800049,1218.900024,3603958
30-09-2016,1218.530029,1224.900024,1211.550049,1215.400024,2175364
03-10-2016,1225,1228.819946,1200.550049,1205.849976,1818880
04-10-2016,1210,1212.530029,1199,1202.569946,1780718
05-10-2016,1204,1207.699951,1188.050049,1193.180054,1176354
06-10-2016,1197.5,1201.199951,1186.380005,1194.380005,2267572
07-10-2016,1194,1194,1179.099976,1183.900024,1816512
10-10-2016,1184.949951,1193.449951,1177.530029,1190.150024,1202142
13-10-2016,1181.650024,1184.949951,1160.449951,1164.449951,5173334
14-10-2016,1157.5,1193.5,1145.5,1183.099976,7741214
17-10-2016,1184.449951,1187.900024,1172.199951,1181.219971,2728346
18-10-2016,1188,1207.849976,1177.400024,1200.099976,2128632
19-10-2016,1200.5,1205,1185.150024,1197.550049,1985058
20-10-2016,1198.449951,1204.680054,1193,1200.569946,1265854
21-10-2016,1200,1215.949951,1199.119995,1214.319946,1259660
24-10-2016,1214.099976,1217.449951,1201.280029,1213.849976,1253190
25-10-2016,1202.5,1207.300049,1190.5,1199.219971,1772466
26-10-2016,1199.300049,1201.380005,1186.25,1198.119995,1437130
27-10-2016,1189.849976,1214.75,1182.75,1209.050049,2941602
28-10-2016,1205,1207.550049,1194,1199.349976,1752102
01-11-2016,1199.849976,1199.849976,1167.069946,1175,2934776
02-11-2016,1170.5,1172,1147.5,1152.030029,2325076
03-11-2016,1147,1167.5,1142.25,1159.719971,1463310
04-11-2016,1160,1168.069946,1147,1165.280029,1183752
07-11-2016,1168.949951,1172.449951,1130.030029,1138.530029,2048052
08-11-2016,1140.219971,1153.5,1130,1141.599976,1933634
09-11-2016,1090,1137.5,1071.430054,1084.930054,4500226
10-11-2016,1102.400024,1108.75,1070.400024,1077.719971,2172426
11-11-2016,1073.530029,1073.530029,1043.099976,1050.569946,2398424
15-11-2016,1058.449951,1078.780029,1025.949951,1060.650024,6290324
16-11-2016,1072.550049,1104.449951,1069,1094.800049,4019958
17-11-2016,1092.5,1104.300049,1065.069946,1068.599976,2504688
18-11-2016,1071,1075,1052.099976,1062.550049,2140534
21-11-2016,1063.099976,1070,1052.5,1066.449951,1793366
22-11-2016,1066,1088.719971,1061.030029,1067.5,1318860
23-11-2016,1074.5,1081.469971,1063.599976,1078.180054,1275808
24-11-2016,1077.449951,1103.800049,1068.5,1094.219971,3026234
25-11-2016,1106,1153.619995,1096.099976,1150.180054,4276148
28-11-2016,1147,1159.719971,1125.949951,1141.300049,1924296
29-11-2016,1137.5,1146,1126.280029,1129.930054,1442296
30-11-2016,1132.5,1147.380005,1121.150024,1138.030029,3445832
01-12-2016,1138.5,1145,1127.030029,1131.719971,1123052
02-12-2016,1129,1135.400024,1102.599976,1110.930054,1998032
05-12-2016,1114.5,1118.930054,1085,1093,2249526
06-12-2016,1095,1101.969971,1084.949951,1091.180054,1593444
07-12-2016,1091.099976,1092.219971,1072.819946,1077.280029,2065706
08-12-2016,1080.25,1099.5,1080,1097.880005,3239546
09-12-2016,1102.5,1109.949951,1086.650024,1097.619995,1588718
12-12-2016,1097.400024,1108.800049,1081.5,1104.099976,1311758
13-12-2016,1109,1109,1091.5,1100.150024,2147534
14-12-2016,1107,1112.349976,1094.5,1103.800049,1870366
15-12-2016,1101,1136.050049,1101,1129.650024,4295410
16-12-2016,1138.5,1145,1126,1141.319946,1987230
19-12-2016,1140,1148.849976,1130.650024,1144.449951,1334210
20-12-2016,1146,1172.5,1143.530029,1169.650024,2922760
21-12-2016,1171.900024,1171.900024,1152.800049,1156.800049,2034902
22-12-2016,1153,1162.5,1143.099976,1153.849976,1868300
23-12-2016,1150,1158.880005,1139.400024,1144.050049,1118954
26-12-2016,1133,1150.800049,1133,1146.550049,897408
27-12-2016,1140.75,1165,1140.75,1161.699951,1294692
28-12-2016,1163.349976,1174.949951,1151.569946,1156.699951,1350418
29-12-2016,1151.5,1179.949951,1151.5,1175.849976,1963516
30-12-2016,1177.449951,1189.300049,1172.819946,1182.780029,1405748
02-01-2017,1183.300049,1187.550049,1176.199951,1180.680054,823132
03-01-2017,1180.619995,1185.849976,1171.650024,1184.119995,1475324
04-01-2017,1184.849976,1194.430054,1179.150024,1189.75,1420066
05-01-2017,1192,1194.969971,1160.199951,1167.199951,2216404
06-01-2017,1160.5,1164.680054,1128.550049,1140.699951,3009896
09-01-2017,1137.5,1155.650024,1128.5,1151.849976,1854578
10-01-2017,1152,1164.900024,1145.75,1157.680054,1533914
11-01-2017,1157.5,1164.800049,1140.099976,1162.199951,1931296
12-01-2017,1162.199951,1180,1152,1172.180054,2570374
13-01-2017,1174,1178.969971,1118.930054,1124.650024,10235580
16-01-2017,1125,1136.949951,1114,1129.280029,3364808
17-01-2017,1127.449951,1143.900024,1126.400024,1139.380005,3009956
18-01-2017,1139,1149,1132.719971,1147.550049,3136574
19-01-2017,1147.5,1147.569946,1141.469971,1145.5,2251676
20-01-2017,1143.5,1150,1132.5,1142.680054,2037246
23-01-2017,1132.5,1156.75,1129.900024,1153.349976,2318546
24-01-2017,1152,1161.5,1145,1159.180054,2282638
25-01-2017,1161.300049,1180,1159.030029,1176.5,4111648
27-01-2017,1172.530029,1189.380005,1172.530029,1178.900024,2871658
30-01-2017,1170.5,1175.969971,1159.069946,1166.449951,2577956
31-01-2017,1160,1166.030029,1100.030029,1114.900024,4666804
01-02-2017,1110,1119.969971,1077.780029,1083.949951,4864152
02-02-2017,1085.030029,1109.5,1076.5,1103.819946,6009482
03-02-2017,1104.849976,1121.5,1095.5,1116.280029,2153372
06-02-2017,1129,1129.25,1107.469971,1120.380005,2408910
07-02-2017,1122,1126.300049,1113,1122.300049,1814638
08-02-2017,1122.449951,1141.300049,1122.030029,1135.469971,2212584
09-02-2017,1137.5,1164,1135.099976,1158.650024,4033202
10-02-2017,1155.5,1212.219971,1155.5,1198.969971,5782160
13-02-2017,1198,1214.5,1191.180054,1207.119995,3819812
14-02-2017,1209.819946,1209.819946,1199,1203.119995,2033328
15-02-2017,1198.5,1214,1187.550049,1206.849976,1924972
16-02-2017,1230,1239,1217.800049,1223.880005,4175680
17-02-2017,1236,1237.800049,1201,1203.949951,2723324
20-02-2017,1212.5,1277.5,1204.050049,1251.099976,3973948
21-02-2017,1257,1262.949951,1227.569946,1232.680054,5501112
22-02-2017,1232.949951,1235,1200.069946,1205.75,4505496
23-02-2017,1207.5,1246.619995,1207.5,1240.900024,4853352
27-02-2017,1239.550049,1251,1235.030029,1244.930054,2139892
28-02-2017,1244.75,1245,1225,1233.119995,2354828
01-03-2017,1239.949951,1250.949951,1235,1239.780029,1130374
02-03-2017,1243.349976,1255,1235.030029,1250.719971,1544942
03-03-2017,1246,1249.849976,1237.699951,1247.030029,1013970
06-03-2017,1240,1242,1227.280029,1236.25,1400694
07-03-2017,1241.449951,1252.5,1237.530029,1249.900024,1511672
08-03-2017,1251,1260,1246.099976,1256.099976,1791510
09-03-2017,1257.069946,1262,1252.030029,1259.880005,858468
10-03-2017,1259.800049,1274.780029,1256.969971,1271.119995,1171420
14-03-2017,1278.400024,1293.569946,1275.530029,1283.75,3402294
15-03-2017,1286,1286.069946,1246.930054,1249.150024,3022496
16-03-2017,1253,1263.5,1253,1260.449951,1571818
17-03-2017,1273,1273,1254.880005,1262.880005,2593152
20-03-2017,1262.969971,1262.969971,1233,1240,3487540
21-03-2017,1241,1246,1232.5,1243.349976,3373700
22-03-2017,1240.069946,1248,1234.969971,1239.469971,1888716
23-03-2017,1241,1242.530029,1223.599976,1230.180054,2620638
24-03-2017,1234.900024,1234.900024,1211.650024,1213.599976,5099814
27-03-2017,1213.469971,1220,1203,1206.030029,2181270
28-03-2017,1205,1221.699951,1205,1214.969971,1153158
29-03-2017,1218,1225.400024,1212.800049,1222.300049,1717764
30-03-2017,1222.449951,1232.5,1217.5,1220.5,2986086
31-03-2017,1219.199951,1220.430054,1207.5,1215.900024,1867044
03-04-2017,1217.5,1217.5,1204.099976,1205.849976,1196888
05-04-2017,1209.949951,1209.949951,1197.5,1200.619995,2905568
06-04-2017,1200,1205,1196.280029,1200.030029,1720704
07-04-2017,1197.449951,1216.619995,1196.069946,1214.530029,2277012
10-04-2017,1216,1224.5,1202.5,1211.119995,2543264
11-04-2017,1208.650024,1221.550049,1203,1209.650024,1557784
12-04-2017,1211.25,1214,1191.5,1196.619995,1050538
13-04-2017,1200,1204.5,1160.530029,1164.319946,2500472
17-04-2017,1165.199951,1166.449951,1147.569946,1157.430054,2270882
18-04-2017,1165,1167.099976,1151.030029,1154.400024,1730620
19-04-2017,1131.75,1174.349976,1126.400024,1149.569946,5626812
20-04-2017,1152.650024,1166,1145.469971,1162.75,1268842
21-04-2017,1164.550049,1167.819946,1150.5,1155.400024,1161154
24-04-2017,1150,1169.819946,1141.25,1164.050049,2000020
25-04-2017,1164,1172.219971,1151.349976,1155.75,3148710
26-04-2017,1170,1171.969971,1151.530029,1155.180054,2187438
27-04-2017,1153.030029,1163.900024,1138.819946,1151.319946,5773186
28-04-2017,1147,1149.380005,1134,1136.569946,2540510
02-05-2017,1147,1151,1140,1144.949951,2382696
03-05-2017,1147.5,1172.5,1134.25,1168.650024,3514406
04-05-2017,1174.969971,1175,1154.400024,1165.050049,2708208
05-05-2017,1154,1166.25,1151.25,1160.25,1682474
08-05-2017,1160.5,1173.699951,1158.849976,1171.219971,1071782
09-05-2017,1171.969971,1180.5,1166.280029,1176.280029,1790270
10-05-2017,1177.5,1178.069946,1158,1166.219971,1206388
11-05-2017,1173.650024,1180,1161.380005,1174.719971,2071302
12-05-2017,1171.650024,1184.949951,1160.030029,1180.319946,2314446
15-05-2017,1187.550049,1188.969971,1170.800049,1182.550049,1817604
16-05-2017,1190,1217.5,1186.719971,1214.569946,3601026
17-05-2017,1216.75,1230.380005,1211.5,1227.680054,2876198
18-05-2017,1225,1286,1221.119995,1268.099976,5138594
19-05-2017,1268.099976,1270.280029,1243,1253.569946,1786044
22-05-2017,1255,1276.880005,1255,1265.680054,1663940
23-05-2017,1266.599976,1282.069946,1257,1260.849976,2748596
24-05-2017,1267.400024,1285,1264.819946,1279.569946,2534548
25-05-2017,1288.5,1318.780029,1284,1312.300049,4094094
26-05-2017,1312.5,1313.430054,1282.319946,1289.119995,1362550
29-05-2017,1289.5,1298.25,1282,1286.430054,1749290
30-05-2017,1280,1287.969971,1262.5,1275.550049,927634
31-05-2017,1266.5,1286.25,1264,1273.300049,2502730
01-06-2017,1265,1282,1265,1276.800049,1080064
02-06-2017,1278.119995,1295.930054,1276.25,1282.449951,1355648
05-06-2017,1282.5,1309.949951,1280.069946,1301.969971,1500188
06-06-2017,1315.5,1354.469971,1315,1348,5946720
07-06-2017,1348.5,1350,1288.280029,1307.619995,4927776
08-06-2017,1299,1302.469971,1257.75,1260.800049,3330714
09-06-2017,1260,1273.699951,1243,1253.5,3148034
12-06-2017,1248.5,1256.449951,1235.199951,1243.599976,1626506
13-06-2017,1232.5,1240.550049,1223.5,1225.780029,1175414
14-06-2017,1227.5,1238,1227.5,1235.099976,1489142
15-06-2017,1234.5,1234.849976,1202.5,1205.599976,2997198
16-06-2017,1207.469971,1217.5,1193.25,1199.849976,2450426
19-06-2017,1208.449951,1223.180054,1202.569946,1215.849976,1644742
20-06-2017,1215.5,1224.5,1190.150024,1222.5,1670958
21-06-2017,1220,1221.069946,1198.599976,1203.150024,1657818
22-06-2017,1204.5,1215.5,1192.5,1197.430054,5775882
23-06-2017,1199.699951,1206.969971,1177,1180.849976,1424756
27-06-2017,1175.300049,1192.349976,1165.800049,1171.430054,1974330
28-06-2017,1174.949951,1179,1167.5,1175.030029,1789726
29-06-2017,1179.5,1186.030029,1161.550049,1166.619995,2471826
30-06-2017,1162.199951,1188.5,1161.550049,1181.180054,1753848
03-07-2017,1178.699951,1191.530029,1171.550049,1186.800049,1475956
04-07-2017,1186.650024,1190.219971,1175.030029,1183.430054,1215134
05-07-2017,1180.400024,1182.5,1172.5,1178,815856
06-07-2017,1179.5,1180.949951,1170.050049,1173.780029,1026788
07-07-2017,1175,1178.219971,1162.75,1165.969971,1232090
10-07-2017,1203,1222.449951,1189.469971,1217.469971,783608
11-07-2017,1213,1257.400024,1213,1237.900024,3537504
12-07-2017,1241.25,1241.650024,1215.050049,1219.719971,2646450
13-07-2017,1222.5,1236,1213.300049,1223.199951,3131960
14-07-2017,1191.5,1212.5,1187.5,1198.719971,4508432
17-07-2017,1198.849976,1211.050049,1191.099976,1197.719971,2211822
18-07-2017,1198.069946,1221.5,1198.069946,1204.180054,1908002
19-07-2017,1207.75,1230,1207.550049,1224.800049,3915576
20-07-2017,1224.619995,1228.449951,1215.25,1222.349976,1182504
21-07-2017,1217.449951,1250,1217.280029,1245.599976,2148416
24-07-2017,1241,1270,1241,1265.349976,2271402
25-07-2017,1262.880005,1290,1259.199951,1285.75,2678832
26-07-2017,1280,1287.5,1273.5,1278,1459826
27-07-2017,1271.099976,1292.400024,1233.25,1240.849976,4255304
28-07-2017,1240.5,1246.530029,1221,1242.150024,1382752
31-07-2017,1235.5,1259.5,1231.5,1245.900024,2019662
01-08-2017,1250,1260.380005,1245.5,1250.819946,1747460
02-08-2017,1250,1254,1231,1236.900024,1251024
03-08-2017,1240,1251,1233.219971,1244.719971,1882548
04-08-2017,1245.400024,1264.150024,1244,1261.400024,1387890
07-08-2017,1258.25,1260,1240.599976,1251.719971,1885520
08-08-2017,1256,1264.300049,1248.150024,1251.530029,1073958
09-08-2017,1250,1261.430054,1246.650024,1256,992946
10-08-2017,1254.5,1260.300049,1243.180054,1255.719971,1526172
11-08-2017,1249.949951,1267.5,1241.5,1248.030029,1394736
14-08-2017,1251.5,1254.949951,1231.5,1234.699951,786504
16-08-2017,1242,1271.900024,1232.599976,1246.180054,1373340
17-08-2017,1250.349976,1252.5,1231.050049,1242.819946,1752374
18-08-2017,1237,1274.949951,1235.699951,1256.900024,2837356
21-08-2017,1252.75,1274.5,1247.150024,1264.400024,2304834
22-08-2017,1261.5,1269.75,1246,1248.780029,1131326
23-08-2017,1252.5,1258.400024,1236.569946,1244.719971,1562272
24-08-2017,1248.849976,1258.969971,1243.069946,1248.300049,1623908
28-08-2017,1252.300049,1252.699951,1230.5,1243.650024,2036796
29-08-2017,1241,1248,1231.969971,1235.430054,1312602
30-08-2017,1240.5,1245,1230.050049,1242.280029,970782
31-08-2017,1242.5,1252.199951,1233.319946,1248.180054,1784664
01-09-2017,1240,1249.030029,1218.280029,1228.219971,1702330
04-09-2017,1226.550049,1230.5,1219,1228.099976,1062544
05-09-2017,1230,1245,1218.530029,1242.180054,1165994
06-09-2017,1234.069946,1237.430054,1225,1226.599976,1228764
07-09-2017,1229,1234.199951,1225.530029,1230.050049,870636
08-09-2017,1226.880005,1237,1226.280029,1235.300049,1021134
11-09-2017,1235.599976,1241.469971,1225,1227.219971,732764
12-09-2017,1236.949951,1248.5,1228.5,1244.219971,1396460
13-09-2017,1250,1265.819946,1237.599976,1244.599976,1278980
14-09-2017,1241,1248.800049,1235.949951,1243.469971,1081510
15-09-2017,1249.5,1258.5,1242.5,1253.030029,2944072
18-09-2017,1252.469971,1259.469971,1244.619995,1249.530029,726600
19-09-2017,1252.5,1252.5,1245.75,1249.119995,782754
20-09-2017,1257,1257,1237.150024,1246.780029,1334642
21-09-2017,1245.530029,1270.5,1240,1262.449951,2438740
22-09-2017,1259.949951,1263.449951,1246,1251.800049,2435396
25-09-2017,1248.280029,1267,1246.380005,1255.380005,1599558
26-09-2017,1255,1263.199951,1233,1237.319946,1449230
27-09-2017,1245,1256.099976,1236.880005,1247.5,2010356
28-09-2017,1247.349976,1257,1226,1238.219971,4332866
29-09-2017,1239.5,1242,1210.75,1217.969971,1985014
03-10-2017,1220,1227.150024,1213.530029,1224.219971,1923006
04-10-2017,1224.800049,1227,1212.5,1221.150024,1300778
05-10-2017,1220.5,1221.719971,1212.199951,1214.800049,1684686
06-10-2017,1215,1227.5,1214.030029,1223.319946,1389188
09-10-2017,1220.530029,1233.969971,1220.530029,1227.050049,1773616
10-10-2017,1227.5,1234.969971,1225.619995,1229.619995,1222010
11-10-2017,1230,1257.219971,1228.380005,1250.180054,1527746
12-10-2017,1256.5,1277.5,1253.5,1274.099976,5006356
13-10-2017,1274.099976,1304.469971,1261.5,1279.300049,4066320
16-10-2017,1277.530029,1295,1277.530029,1292.199951,1218590
17-10-2017,1292.5,1307.469971,1288.780029,1297.280029,1443016
18-10-2017,1297.5,1306.819946,1290,1293.300049,1514144
19-10-2017,1296,1297.900024,1285.5,1291.949951,86822
23-10-2017,1292,1314.5,1273.719971,1293.949951,1886088
24-10-2017,1310,1310.449951,1284.530029,1289.199951,1339020
25-10-2017,1289.25,1307,1277.5,1279.949951,1105106
26-10-2017,1267.550049,1284.569946,1258.949951,1269.430054,3007552
27-10-2017,1269,1296.569946,1265.150024,1292.150024,1409270
30-10-2017,1293,1310,1290.849976,1308.099976,1137252
31-10-2017,1300.650024,1320,1300.650024,1312,1592634
01-11-2017,1312,1313.430054,1289.430054,1301.430054,741882
02-11-2017,1304.25,1337,1303.380005,1313.069946,1468422
03-11-2017,1316.199951,1318.349976,1301.400024,1310.050049,666886
06-11-2017,1310,1335.900024,1305.880005,1332.780029,1377000
07-11-2017,1335,1384,1333.030029,1355.030029,2696892
08-11-2017,1361.5,1379.5,1359.119995,1367.5,1402252
09-11-2017,1375,1375,1359.650024,1368.199951,1152432
10-11-2017,1361.099976,1363,1346.680054,1354.380005,1356566
13-11-2017,1351.030029,1388.699951,1351.030029,1379.469971,1496996
14-11-2017,1378.280029,1378.280029,1353.75,1357.300049,1657252
15-11-2017,1353,1377.5,1350.680054,1352.650024,6670834
16-11-2017,1355,1381.5,1343.469971,1373.319946,1653482
17-11-2017,1374.050049,1374.050049,1351.800049,1353.650024,1325464
20-11-2017,1357.5,1363.449951,1347.650024,1351.719971,1014498
21-11-2017,1350.5,1350.5,1333,1336.469971,1527740
22-11-2017,1336.5,1354.849976,1336.199951,1340.319946,1822624
23-11-2017,1340.5,1346.5,1334.5,1340.619995,793470
24-11-2017,1341,1351.449951,1336.550049,1344.030029,2287512
27-11-2017,1344,1347.949951,1331.099976,1342.930054,1856786
28-11-2017,1343,1351.199951,1335,1342.650024,911716
29-11-2017,1338.75,1346.5,1325,1329.069946,1447532
30-11-2017,1326.819946,1333.469971,1311.5,1318.5,4299962
01-12-2017,1317.5,1334,1310.75,1314.969971,1031144
04-12-2017,1311,1329.25,1301.469971,1316.180054,1259104
05-12-2017,1315.5,1325.849976,1314.069946,1317.780029,1167914
06-12-2017,1318,1322.5,1306.430054,1316.650024,1407518
07-12-2017,1316.150024,1322.969971,1307.5,1308.619995,1326300
08-12-2017,1309,1322.5,1298.5,1300.75,1385548
11-12-2017,1304.180054,1336.319946,1304.180054,1330.550049,1008002
12-12-2017,1330.5,1331,1303.699951,1306.069946,1882246
13-12-2017,1305.699951,1325.719971,1300.5,1314.199951,2961458
14-12-2017,1316,1316,1265.550049,1278.900024,5504150
15-12-2017,1281.880005,1292.219971,1268.430054,1272.800049,2718138
18-12-2017,1268.5,1294.469971,1247.180054,1290.25,2180664
19-12-2017,1288,1298.900024,1282.349976,1287.650024,1801952
20-12-2017,1291,1296.380005,1275.319946,1294.469971,1577570
21-12-2017,1293.5,1304,1290.030029,1297.849976,1293648
22-12-2017,1302,1331.949951,1295.099976,1323.380005,3665664
26-12-2017,1343,1344.880005,1315.800049,1324.719971,2175786
27-12-2017,1324.719971,1329.25,1305.25,1309.949951,739284
28-12-2017,1304.400024,1326.75,1302.819946,1313.469971,2605088
29-12-2017,1311.550049,1354.449951,1309.280029,1350.599976,2609542
01-01-2018,1341.150024,1347.400024,1317.5,1322.800049,1351760
02-01-2018,1330,1334.800049,1310.099976,1315.599976,1920290
03-01-2018,1316,1334.5,1315.599976,1319.319946,1257120
04-01-2018,1325,1331,1320,1328.550049,913082
05-01-2018,1325,1349.75,1325,1344.599976,1153706
08-01-2018,1350,1363.430054,1340.930054,1357.199951,1242220
09-01-2018,1357.5,1360.5,1338.280029,1354.5,2149396
10-01-2018,1355.5,1408,1347.319946,1403.300049,3365850
11-01-2018,1405,1410.949951,1391.099976,1395.25,2520744
12-01-2018,1402.5,1402.5,1370.280029,1388.180054,3360314
15-01-2018,1388.569946,1404,1367.530029,1373.050049,1457214
16-01-2018,1378,1430.819946,1375.280029,1425.430054,4267752
17-01-2018,1435,1462.5,1431.069946,1444.469971,4280806
18-01-2018,1448.5,1466.5,1434.030029,1459.099976,2209478
19-01-2018,1465.280029,1491,1451.819946,1479.650024,1820000
22-01-2018,1480.5,1567.349976,1461,1558.199951,4367110
23-01-2018,1557.469971,1571.180054,1545.030029,1551,3239610
24-01-2018,1545,1629.530029,1541.319946,1587.300049,5621538
25-01-2018,1587.5,1589.900024,1540.5,1560.530029,3833844
29-01-2018,1565.699951,1612.5,1561,1599.430054,3141060
30-01-2018,1590,1601.900024,1571.849976,1576.430054,1574758
31-01-2018,1568.5,1575,1549.300049,1556.180054,3043214
01-02-2018,1562,1595,1544.400024,1569.300049,2400630
02-02-2018,1560,1595,1551.719971,1576.819946,2456490
05-02-2018,1555,1594,1538.430054,1551.599976,2757742
06-02-2018,1505,1538.569946,1492.5,1498.619995,2657306
07-02-2018,1513.5,1515.5,1473.719971,1477.530029,2180324
08-02-2018,1489.880005,1513.800049,1479.5,1487.099976,2755004
09-02-2018,1475,1497,1448.319946,1485.849976,2102458
12-02-2018,1489.150024,1511.680054,1477.780029,1483.650024,1974562
14-02-2018,1485,1487.219971,1446.25,1455.900024,2847532
15-02-2018,1465.969971,1471.5,1452.550049,1462.930054,2465236
16-02-2018,1461.5,1499.800049,1461.5,1466.530029,2515756
19-02-2018,1472.5,1476.650024,1447.599976,1461.800049,1568224
20-02-2018,1464,1492.530029,1463.949951,1472.380005,1889068
21-02-2018,1487,1531.300049,1480.030029,1521.150024,3089228
22-02-2018,1526,1539.5,1511.25,1525.099976,3463010
23-02-2018,1525,1544.5,1496.050049,1537.900024,3362500
26-02-2018,1537.5,1544.969971,1510.599976,1515.849976,1363882
27-02-2018,1520.5,1539.280029,1516,1521.180054,1717800
28-02-2018,1517.5,1531.969971,1510.719971,1517.530029,2706864
01-03-2018,1524.5,1530.599976,1510,1518.849976,1718124
05-03-2018,1524.5,1556.819946,1516.469971,1552.930054,2858168
06-03-2018,1561,1563.5,1515.069946,1521.400024,1906764
07-03-2018,1535,1544.5,1509.25,1513.719971,1917772
08-03-2018,1527.449951,1527.449951,1493.75,1501.969971,1951826
09-03-2018,1502.5,1531.599976,1488.599976,1517.050049,1872436
12-03-2018,1521.5,1541.949951,1517.75,1526.069946,2091340
13-03-2018,1462.449951,1469.849976,1436,1443.400024,88067154
14-03-2018,1446.469971,1461.530029,1437.530029,1443.449951,3668668
15-03-2018,1447.5,1451.280029,1427.800049,1434.849976,2348906
16-03-2018,1434.400024,1436,1402.5,1412.849976,7197482
19-03-2018,1414.5,1424,1410,1415.5,3489940
20-03-2018,1410,1436.599976,1409.5,1432.430054,4024984
21-03-2018,1436.25,1442.150024,1425,1428.380005,3907678
22-03-2018,1429.969971,1437.969971,1411.280029,1415.680054,2326094
23-03-2018,1401,1417.050049,1399.030029,1409.069946,3654122
26-03-2018,1409.5,1413.699951,1390.780029,1408.5,2964210
27-03-2018,1412.5,1431.5,1411.530029,1423.849976,2494574
28-03-2018,1417.949951,1437.5,1412.5,1424.569946,6865654
02-04-2018,1420,1457,1420,1454.819946,1662988
03-04-2018,1446.050049,1464.949951,1446.050049,1455.619995,1937290
04-04-2018,1464.719971,1467,1446,1455.449951,2841820
05-04-2018,1463.280029,1481.880005,1460.180054,1478.969971,1809424
06-04-2018,1477,1480,1463.280029,1475.150024,1129018
09-04-2018,1469.849976,1481.75,1457.5,1461.949951,1235866
10-04-2018,1462.849976,1478.619995,1462.849976,1468.800049,1184532
11-04-2018,1475.300049,1512.5,1472.800049,1507.069946,3124416
12-04-2018,1505,1575,1503.969971,1569.619995,6114360
13-04-2018,1575,1620.400024,1566.050049,1576.650024,8179118
16-04-2018,1558,1599.969971,1555.380005,1593.819946,6270274
17-04-2018,1593.819946,1597.469971,1573.599976,1583.300049,3301724
18-04-2018,1583,1596.719971,1572.930054,1579.550049,2433066
19-04-2018,1589.949951,1608.599976,1582.880005,1595.569946,4820952
20-04-2018,1625,1711.180054,1620,1701.219971,18465662
23-04-2018,1712,1778.949951,1694.780029,1704.319946,15185910
24-04-2018,1705,1721.569946,1671.25,1692.819946,8314336
25-04-2018,1692.5,1741.5,1682.530029,1735.119995,8196574
26-04-2018,1733.5,1780,1733.5,1769.619995,12135034
27-04-2018,1762.5,1772,1710,1725.969971,4501330
30-04-2018,1725.969971,1774.5,1718.800049,1766.050049,3458558
02-05-2018,1765.25,1766.099976,1735.650024,1749.880005,3158046
03-05-2018,1754.900024,1763,1735.199951,1740.930054,3761550
04-05-2018,1746,1748.5,1735,1740.380005,2347244
07-05-2018,1745,1745,1705.449951,1710.469971,3484426
08-05-2018,1717.349976,1743.25,1698.349976,1720.599976,2992820
09-05-2018,1720.099976,1747.380005,1720.099976,1744.650024,2615050
10-05-2018,1751.469971,1755.569946,1720.099976,1725.619995,3858678
11-05-2018,1727.099976,1742.5,1721.25,1728.469971,2627876
14-05-2018,1728.5,1735.5,1705.400024,1716.780029,2433894
15-05-2018,1725,1747.900024,1716.849976,1741.199951,1952890
16-05-2018,1739.969971,1754.5,1737.619995,1746.949951,1648450
17-05-2018,1756.469971,1766.569946,1738,1745.900024,2968048
18-05-2018,1740.400024,1758.849976,1729,1751.030029,1874996
21-05-2018,1764.349976,1796,1759.030029,1778.380005,3446178
22-05-2018,1779,1787.469971,1746.849976,1754.449951,1857416
23-05-2018,1762.5,1772.5,1740.5,1747.550049,1507298
24-05-2018,1755,1807.5,1751.180054,1801.849976,2962316
25-05-2018,1812.5,1837.400024,1786.280029,1792.900024,3769772
28-05-2018,1808.25,1808.25,1743,1751.030029,3716798
29-05-2018,1764.949951,1772,1744,1761.75,3525312
30-05-2018,1754.530029,1766.5,1741.25,1757.050049,3779106
31-05-2018,1734,1759.050049,1726.099976,1741.050049,5049371
01-06-2018,1754,1757.5,1716.300049,1732.449951,1603856
04-06-2018,1745,1749,1712.599976,1744.25,1681483
05-06-2018,1744,1751.900024,1711.150024,1721.599976,2449568
06-06-2018,1723,1734.900024,1715.199951,1725.75,2236512
07-06-2018,1725,1749,1723.800049,1735.550049,2414762
08-06-2018,1735,1757.300049,1735,1747.099976,2582138
11-06-2018,1747.099976,1763,1743,1749.699951,2179378
12-06-2018,1757,1785,1753,1781,4608875
13-06-2018,1816,1831.650024,1798,1824.099976,5370983
14-06-2018,1830,1832.300049,1784,1787.550049,3819998
15-06-2018,1800,1847.099976,1788.599976,1840.050049,9183574
18-06-2018,1867.949951,1867.949951,1822.150024,1829,4674987
19-06-2018,1822.150024,1839,1821,1824.5,3245034
20-06-2018,1832,1836.300049,1818.599976,1822.449951,3107695
21-06-2018,1832,1832,1817.599976,1819.349976,2910659
22-06-2018,1827,1827,1799.550049,1809.800049,2949458
25-06-2018,1811.900024,1822.349976,1806,1819.25,2083217
26-06-2018,1823,1861,1821,1852,4679712
27-06-2018,1860,1885.150024,1851.25,1858,4081208
28-06-2018,1865,1871,1826.300049,1842.699951,4888125
29-06-2018,1844.900024,1867.400024,1842.300049,1847.75,3506276
02-07-2018,1852,1857.800049,1841.099976,1851.349976,2650290
03-07-2018,1859.949951,1879.900024,1857.050049,1874.050049,3242233
04-07-2018,1879.900024,1879.900024,1857.150024,1866.150024,2700614
05-07-2018,1873,1887.5,1862.099976,1880.300049,2472571
06-07-2018,1882.849976,1921,1881.650024,1912.949951,3713781
09-07-2018,1924,1924.400024,1876.5,1883,6151747
10-07-2018,1898,1898.900024,1870.75,1875.099976,5303302
11-07-2018,1900,1998,1894.150024,1979.900024,22903802
12-07-2018,1984,1990.900024,1960.5,1971.349976,6921701
13-07-2018,1975,1997.900024,1974,1981.099976,4148185
16-07-2018,1990,1996,1977.449951,1989.199951,2582159
17-07-2018,1989,2009,1981,2002.150024,3315492
18-07-2018,2005,2011.699951,1993.050049,2000.25,2013869
19-07-2018,2002.099976,2010.449951,1970,1981.400024,1746318
20-07-2018,1984.900024,2000,1984,1996.599976,1934995
23-07-2018,2001,2009.949951,1986,2005.650024,2086201
24-07-2018,2015,2015,1984.150024,1999,2038423
25-07-2018,2001.900024,2002,1968.400024,1981.5,1535492
26-07-2018,1974.949951,1985,1955.099976,1964.699951,3503036
27-07-2018,1960.849976,1964.650024,1940.300049,1943.75,2033977
30-07-2018,1943,1954.699951,1931.550049,1944.599976,1579251
31-07-2018,1942,1947,1928,1940.199951,2204803
01-08-2018,1949.949951,1981.550049,1949.800049,1976.5,2425180
02-08-2018,1980,1985,1945,1948.400024,1509287
03-08-2018,1956.5,1982.050049,1956.5,1979.449951,1505131
06-08-2018,1997,1998.949951,1972.25,1975.550049,1532249
07-08-2018,1978.199951,1979.150024,1960.5,1967.349976,1353521
08-08-2018,1972,1978.300049,1962,1974,1315062
09-08-2018,1980,1980.800049,1966,1974.349976,2060297
10-08-2018,1980.949951,1996.5,1972.050049,1993.099976,2784105
13-08-2018,1997.800049,2004.25,1990,2000.150024,3559575
14-08-2018,1992,2024.599976,1982.400024,2003.550049,3311765
16-08-2018,2000.300049,2020.050049,1995,2008.5,2152065
17-08-2018,2013.849976,2021.900024,2004,2012.75,1213731
20-08-2018,2024,2024,2003.699951,2009.949951,1587032
21-08-2018,2010.150024,2024,2004,2017.650024,1376866
23-08-2018,2022.800049,2038,2020.300049,2035.099976,3046791
24-08-2018,2035.099976,2046,2031,2043,1570533
27-08-2018,2043,2059,2035,2050.899902,1532702
28-08-2018,2055,2072,2052,2069.199951,1987983
29-08-2018,2072.5,2076.600098,2045.599976,2072,1525867
30-08-2018,2068,2085,2065.5,2082.399902,2408020
31-08-2018,2082.300049,2092,2074,2078.399902,2504554
03-09-2018,2084.800049,2090,2048.399902,2052.899902,1439711
04-09-2018,2059.800049,2104.75,2056.949951,2098.899902,4420803
05-09-2018,2100,2107.25,2075.050049,2079.25,1681106
06-09-2018,2075,2081.5,2060.300049,2075.300049,2238097
07-09-2018,2079.300049,2084,2065.399902,2079.850098,1312182
10-09-2018,2084.399902,2093.399902,2074.25,2080.75,1530539
11-09-2018,2089,2089,2042.199951,2046.25,3679745
12-09-2018,2052.350098,2068.899902,2040,2043.949951,2307661
14-09-2018,2044,2071.550049,2018.150024,2065.399902,3642038
17-09-2018,2070,2077.800049,2054.550049,2074.149902,1033857
18-09-2018,2073,2078.800049,2057.600098,2070.75,1456507
19-09-2018,2071.899902,2089,2066.850098,2077.899902,1301268
21-09-2018,2077,2121,2050.149902,2103.149902,4508530
24-09-2018,2115,2210.5,2098.149902,2198.449951,3032226
25-09-2018,2204.899902,2211.899902,2153.800049,2183.199951,2868778
26-09-2018,2187,2199,2135.100098,2142.149902,1970951
27-09-2018,2141.899902,2209.699951,2135.800049,2188.850098,3311802
28-09-2018,2178,2190,2158.850098,2183.699951,2904371
01-10-2018,2190.899902,2275.949951,2190.350098,2255.550049,3772208
03-10-2018,2250.300049,2255,2155.600098,2162.850098,3902322
04-10-2018,2156.600098,2156.649902,2056.350098,2064.800049,4762419
05-10-2018,2050,2120,2020.900024,2102.649902,3417624
08-10-2018,2102.649902,2122.199951,2048.149902,2077.550049,2010154
09-10-2018,2080.350098,2107.649902,2053.199951,2091.800049,1867130
10-10-2018,2100,2105.949951,2029,2043.599976,2749573
11-10-2018,1985,2013,1941,1979.949951,4700256
12-10-2018,1978,1978,1903,1918.300049,9373289
15-10-2018,1940,1955.550049,1920,1949.5,2638151
16-10-2018,1958,1971.900024,1935,1962.300049,2815425
17-10-2018,1970,1989,1920,1929.400024,2779207
19-10-2018,1929,1929,1870.050049,1913.199951,3428776
22-10-2018,1914,1916,1886.949951,1903,1778496
23-10-2018,1888,1898,1837,1843.650024,2752811
24-10-2018,1852.050049,1874,1811.099976,1848.5,2735913
25-10-2018,1844,1876.900024,1825.050049,1853,2507233
26-10-2018,1853.900024,1853.900024,1791.099976,1799.099976,2285970
29-10-2018,1808.699951,1877.949951,1784.349976,1871,2609483
30-10-2018,1867,1909.400024,1845,1894.800049,2404883
31-10-2018,1900,1943.900024,1875.449951,1938.150024,2769190
01-11-2018,1943.650024,1944.349976,1901.300049,1935.75,2769759
02-11-2018,1934.199951,1954.599976,1905,1913.449951,1818635
05-11-2018,1910,1927.349976,1884.75,1890.849976,1713366
06-11-2018,1894,1937.5,1891,1932.699951,1398710
07-11-2018,1940,1949,1937,1942.150024,144530
09-11-2018,1961,1961.949951,1905,1909.199951,2570479
12-11-2018,1908.5,1946.099976,1908.5,1914.849976,2552008
13-11-2018,1915,1939,1903,1934.949951,1418432
14-11-2018,1925,1929.900024,1870,1880.650024,2422318
15-11-2018,1864,1899,1857.599976,1872.849976,1829123
16-11-2018,1889,1899.800049,1870.25,1886.599976,1829729
19-11-2018,1899,1907.349976,1864.300049,1902.449951,1740628
20-11-2018,1902,1902,1874.199951,1878.25,1190182
21-11-2018,1871,1871.050049,1798.550049,1812,3840461
22-11-2018,1820,1847.599976,1809.949951,1812.550049,3194219
26-11-2018,1819,1860,1784.5,1846.099976,4333177
27-11-2018,1854,1897.900024,1835.349976,1890.25,3344839
28-11-2018,1889,1989,1882.5,1983.900024,5313249
29-11-2018,1997,1997,1942.550049,1960.550049,4035441
30-11-2018,1966,1991,1959.849976,1968.25,5268901
03-12-2018,1984,1990,1968.300049,1982.400024,1610576
04-12-2018,1983,2019.400024,1971,2010.849976,3270615
05-12-2018,2006,2018,1985,2006.75,2501539
06-12-2018,1998,2017,1979.599976,1992.699951,2321216
07-12-2018,1985.050049,2003.900024,1973,1995.199951,1680420
10-12-2018,1975,2011,1960,1975.800049,2010786
11-12-2018,1970,2010,1961,2000,2942014
12-12-2018,2001.099976,2022,1984.949951,2016.800049,2219993
13-12-2018,2024,2029.699951,1974.5,1982.599976,3748429
14-12-2018,1983,1998.949951,1975.25,1989.75,2473761
17-12-2018,1999,2004.900024,1985,1994.300049,1227921
18-12-2018,1991.900024,2002,1976.400024,1987.849976,1768742
19-12-2018,1984.800049,1984.800049,1960.050049,1968.449951,2498833
20-12-2018,1953.800049,1974.900024,1946,1954.050049,1940277
21-12-2018,1948,1950,1886.550049,1895.800049,3729956
24-12-2018,1905.800049,1938.900024,1905,1918.5,1864116
26-12-2018,1921.800049,1921.800049,1870.25,1889.199951,2446614
27-12-2018,1909,1941.699951,1872.099976,1908.949951,4968201
28-12-2018,1915,1920,1893,1896.050049,2239130
31-12-2018,1908,1909,1886.150024,1893.050049,1879740
01-01-2019,1896,1910,1885,1902.800049,1094883
02-01-2019,1905,1934.449951,1900,1923.300049,2100463
03-01-2019,1919,1944.949951,1893.099976,1899.949951,2611668
04-01-2019,1900,1901.199951,1841,1876.849976,4280862
07-01-2019,1891.800049,1908.800049,1881,1897.900024,1856423
08-01-2019,1905.400024,1906.400024,1883.300049,1893.550049,1691756
09-01-2019,1907.400024,1919,1866.699951,1886.949951,2414376
10-01-2019,1890,1905,1872.099976,1888.550049,3053461
11-01-2019,1870,1875,1835,1842.550049,9209862
14-01-2019,1850,1851,1810,1813.25,3615370
15-01-2019,1810,1869.349976,1808,1867.800049,7711653
16-01-2019,1870,1875,1847,1870.150024,2359280
17-01-2019,1878,1898,1871.300049,1894.300049,2625816
18-01-2019,1881,1904.199951,1876,1900.650024,1683728
21-01-2019,1902,1932,1895.449951,1908.699951,2409803
22-01-2019,1907.099976,1918.25,1890,1901.900024,2457093
23-01-2019,1901,1906.099976,1870,1875.599976,2578169
24-01-2019,1884.800049,1905.25,1875,1901.550049,1962927
25-01-2019,1902,1935,1901,1920.800049,2327080
28-01-2019,1933,1962,1925.5,1955,2769033
29-01-2019,1962,1989.050049,1936.650024,1982.75,2557626
30-01-2019,1979.599976,1989.5,1954.650024,1981.400024,2429575
31-01-2019,1987,2019.75,1985,2014.099976,4094319
01-02-2019,2009.5,2034.75,1998.099976,2029.949951,3064163
04-02-2019,2029.949951,2055.449951,2023,2050.25,1590764
05-02-2019,2050,2055,2028,2044.550049,1111404
06-02-2019,2049.899902,2086.850098,2041.050049,2074.800049,1789812
07-02-2019,2074.75,2097.949951,2067,2082.899902,1339945
08-02-2019,2075,2089.5,2051,2061.399902,1684474
11-02-2019,2060,2096,2048.899902,2065.899902,1778730
12-02-2019,2070,2070,2018,2051.600098,2422903
14-02-2019,2060.050049,2075,2033.050049,2044.599976,1724085
15-02-2019,2049,2052,2010.949951,2029.699951,1930065
18-02-2019,2037.599976,2041.949951,1962.650024,1970.300049,2942184
19-02-2019,1970,1971,1892,1904.800049,4408554
20-02-2019,1915,1933.800049,1881.300049,1914.75,4645778
21-02-2019,1914.75,1940,1897.050049,1914.199951,4683919
22-02-2019,1917.199951,1930,1905.099976,1925.650024,2271955
25-02-2019,1932.5,1990,1930.5,1985.150024,2934880
26-02-2019,1984,2045.150024,1972.25,2038.699951,6453309
27-02-2019,2040,2074.949951,2022,2058.100098,4732082
28-02-2019,2060,2071.350098,1977.599976,1983.449951,8454295
01-03-2019,1995.050049,2005,1980.349976,1995.400024,4148548
05-03-2019,2005,2007,1976.599976,1988.099976,2449622
06-03-2019,1989.300049,2015,1985.050049,1999.599976,2635047
07-03-2019,2005,2024.050049,2000.199951,2013.300049,2539884
08-03-2019,2025,2033,2010.050049,2022.699951,2031071
11-03-2019,2028.900024,2033,2003.650024,2014.800049,3111689
12-03-2019,2014.050049,2024.800049,2003,2012.449951,2658550
13-03-2019,2013,2015.900024,1978.599976,2000.5,1833163
14-03-2019,2004.949951,2007.800049,1981,1987.400024,1905495
15-03-2019,1998.900024,2068.949951,1991,2039.949951,5184318
18-03-2019,2043,2064.600098,2011,2022.800049,2349915
19-03-2019,2030,2030,1995.099976,2022.800049,2373993
20-03-2019,2028,2044.800049,2000,2015.050049,3091165
22-03-2019,2015,2016,1983.300049,2005.650024,3148149
25-03-2019,2007.800049,2007.800049,1977.199951,1984.25,2429205
26-03-2019,1984,1994.949951,1958.050049,1982.650024,2316539
27-03-2019,1994,1998,1961,1967.900024,2266166
28-03-2019,1980,2014.599976,1972.800049,2000.300049,4054489
01-04-2019,2010,2039.949951,2008.25,2031.650024,2095740
02-04-2019,2037.099976,2086,2037,2079.300049,3719663
03-04-2019,2085,2089.600098,2058.100098,2079.300049,2939886
04-04-2019,2078.149902,2079.699951,2007.400024,2014.5,4397518
05-04-2019,2028.650024,2054.399902,2018.800049,2048.300049,3152103
08-04-2019,2059,2075,2032.699951,2070.75,2194294
09-04-2019,2070,2098,2057.649902,2091.5,2690970
10-04-2019,2083,2085.5,2036,2040.25,3313062
11-04-2019,2045,2055,2013.650024,2019.5,3422442
12-04-2019,2038,2039,2007,2014.5,3198471
15-04-2019,2070,2119.800049,2041,2113.300049,9189201
16-04-2019,2120,2155.949951,2115.550049,2131.800049,5771952
18-04-2019,2149.899902,2155,2114.199951,2150.050049,3413728
22-04-2019,2148,2176,2145.600098,2161.449951,2007135
23-04-2019,2163,2165.5,2134.050049,2155.050049,2163524
24-04-2019,2158,2195,2156.100098,2183.449951,3003071
25-04-2019,2175,2205,2168.050049,2195,4211526
26-04-2019,2203,2243.949951,2193.149902,2238.550049,2716958
30-04-2019,2238.550049,2266.949951,2230.100098,2260.350098,3488395
02-05-2019,2255,2259.399902,2211.100098,2215.399902,2457699
03-05-2019,2185,2186.050049,2125,2132,3780886
06-05-2019,2110,2165,2108.5,2157.850098,2891422
07-05-2019,2160.050049,2184.350098,2138.800049,2151.949951,2201698
08-05-2019,2151,2168,2130.399902,2152.850098,1824895
09-05-2019,2145,2184.100098,2136.100098,2172.550049,2264162
10-05-2019,2175,2192,2125.850098,2135.800049,2039633
13-05-2019,2133,2167,2121.649902,2128.75,1701744
14-05-2019,2135,2159.800049,2072.350098,2092.350098,2456110
15-05-2019,2097,2124,2084.5,2095.399902,2346876
16-05-2019,2096,2124,2077.050049,2108.75,1946529
17-05-2019,2112.600098,2135,2090,2095.449951,1947908
20-05-2019,2125,2151.399902,2050,2143.949951,2625116
21-05-2019,2148.050049,2148.699951,2102.550049,2109.75,1863157
22-05-2019,2110,2121.949951,2075,2081.75,2595795
23-05-2019,2098,2115.350098,2050,2054.050049,2541294
24-05-2019,2070,2070,2032.25,2048,2274208
27-05-2019,2054.800049,2068.949951,2040.099976,2055.149902,2329820
28-05-2019,2060,2097.5,2045,2073.75,5872979
29-05-2019,2080,2123.699951,2077.100098,2107.550049,3281320
30-05-2019,2123,2156.550049,2114.399902,2146.300049,4971725
31-05-2019,2160,2204.949951,2152.25,2196.550049,4265370
03-06-2019,2201,2247.649902,2185.649902,2242.300049,3682419
04-06-2019,2224,2224,2175,2183.100098,2408658
06-06-2019,2199,2199,2152,2166.100098,3735467
07-06-2019,2174,2189.800049,2142.100098,2181.75,2659446
10-06-2019,2196.699951,2235.850098,2185.5,2231.5,2080593
11-06-2019,2237,2263.949951,2231,2252.800049,3048937
12-06-2019,2245,2266.899902,2219,2260.899902,2404448
13-06-2019,2264,2285,2243.050049,2254.100098,3320916
14-06-2019,2257.25,2263.100098,2234,2254.5,2131408
17-06-2019,2256,2262,2241.449951,2249.199951,1489497
18-06-2019,2244,2260,2231.199951,2250.850098,1877447
19-06-2019,2255,2276,2243.149902,2259.899902,1652817
20-06-2019,2230,2284,2212,2277.949951,2199377
21-06-2019,2285,2292.5,2242,2249.850098,3871804
24-06-2019,2254.149902,2280,2250.800049,2275.5,1382424
25-06-2019,2270,2274.449951,2250.5,2267.800049,1386077
26-06-2019,2265,2266.800049,2250,2254.199951,1762224
27-06-2019,2255,2264,2241.300049,2252.550049,2813464
28-06-2019,2260,2261.949951,2222.5,2227.199951,2372928
01-07-2019,2235,2255,2206.600098,2239.550049,2769940
02-07-2019,2244.899902,2257,2216.449951,2252.100098,1771746
03-07-2019,2252.199951,2258.800049,2232,2237.649902,1656881
04-07-2019,2234,2252,2230.100098,2242.649902,984140
05-07-2019,2247,2250,2140,2163.100098,4088470
08-07-2019,2149,2188.800049,2132.100098,2175.399902,2788062
09-07-2019,2174,2174.399902,2104.550049,2133.350098,3977224
10-07-2019,2080,2127.850098,2071.300049,2108.199951,6343581
11-07-2019,2128,2129,2086.050049,2102.550049,2400346
12-07-2019,2102.100098,2119.75,2093.100098,2107.600098,1560725
15-07-2019,2125,2153.600098,2098,2145.699951,2900415
16-07-2019,2126,2132.5,2100,2106,2735399
17-07-2019,2108,2125,2092.100098,2117.25,1802969
18-07-2019,2116.199951,2116.199951,2060,2065.949951,3072096
19-07-2019,2077,2097,2062.5,2076.949951,1953177
22-07-2019,2077,2117.449951,2068.800049,2109.899902,1920167
23-07-2019,2127.899902,2130,2102.399902,2112.449951,3538588
24-07-2019,2110,2120.800049,2076.5,2096.800049,2413196
25-07-2019,2108.899902,2135,2092.550049,2127.899902,2544464
26-07-2019,2129.800049,2129.800049,2095,2109.050049,1720592
29-07-2019,2110.800049,2142,2103.300049,2130,1647090
30-07-2019,2130,2185,2120.449951,2179.149902,2851672
31-07-2019,2171.75,2211.699951,2147.149902,2205.699951,3000677
01-08-2019,2200,2217.5,2166.25,2180.050049,2375236
02-08-2019,2173,2210,2165.5,2205.300049,2500816
05-08-2019,2199.899902,2252.25,2195.600098,2248.600098,3039682
06-08-2019,2232.800049,2251.949951,2211.449951,2214.899902,2885467
07-08-2019,2230,2238.5,2207.25,2213.449951,2165362
08-08-2019,2228.899902,2281,2218.899902,2258.100098,2073298
09-08-2019,2260,2267.899902,2241.350098,2246.25,1744550
13-08-2019,2245,2246.25,2194.300049,2199.449951,1647281
14-08-2019,2181.100098,2217.850098,2167.399902,2204.399902,1945002
16-08-2019,2241.399902,2241.399902,2143.25,2165.100098,3755507
19-08-2019,2180,2186,2157.699951,2163,974884
20-08-2019,2172,2205,2166.5,2186.75,1843611
21-08-2019,2184.949951,2202,2182.25,2186.199951,1214408
22-08-2019,2187,2235.649902,2170,2216,2131601
23-08-2019,2214.949951,2259.899902,2213.899902,2247.699951,2826425
26-08-2019,2247,2282,2225,2276.300049,2345475
27-08-2019,2270,2274.850098,2229,2236.5,3432106
28-08-2019,2240,2252.149902,2216,2239.25,1294621
29-08-2019,2222.199951,2248.199951,2222.199951,2233.449951,1670652
30-08-2019,2241,2266,2218,2259.600098,2583625
03-09-2019,2270,2296.199951,2236.949951,2251.600098,2545060
04-09-2019,2265,2270,2233,2245.399902,2228092
05-09-2019,2242.199951,2253.649902,2207.300049,2215.300049,2055943
06-09-2019,2216,2233.5,2192.600098,2197.5,1890550
09-09-2019,2200,2202.850098,2179.800049,2182.850098,1703945
11-09-2019,2186,2195,2146.550049,2154,2627440
12-09-2019,2155,2165,2120.350098,2133.600098,2118859
13-09-2019,2135,2157.949951,2115.550049,2141.949951,2291174
16-09-2019,2159.949951,2173.399902,2126.399902,2150,2597948
17-09-2019,2154.949951,2156.550049,2105.600098,2122.649902,2796530
18-09-2019,2126.399902,2142.949951,2113.149902,2138.550049,1454663
19-09-2019,2135,2135.800049,2091,2101.949951,1652691
20-09-2019,2104.899902,2129.399902,2057,2065.449951,6941979
23-09-2019,2099,2099,1975,2015.800049,6323401
24-09-2019,2015,2061,2013,2044.699951,4620978
25-09-2019,2065,2092,2060.050049,2088.449951,4002232
26-09-2019,2097.899902,2107,2063,2087.600098,4234281
27-09-2019,2085,2085.199951,2051.399902,2056.149902,2046795
30-09-2019,2061.850098,2104,2060,2099.300049,2620039
01-10-2019,2095.949951,2095.949951,2039.699951,2059.949951,3342877
03-10-2019,2070,2081.149902,2046.150024,2060.25,2317618
04-10-2019,2060.600098,2087.949951,2054.949951,2079.350098,2163251
07-10-2019,2080,2094.5,2041,2047.699951,2177916
09-10-2019,2060,2060,2015.5,2020.099976,2066920
10-10-2019,2028,2039.050049,1997.099976,2004.449951,2881452
11-10-2019,1931,1995,1925,1986.849976,12593069
14-10-2019,1995,2032.75,1968,2021,3510704
15-10-2019,2032,2047,2022.699951,2037.300049,2261310
16-10-2019,2038,2056,2016,2046.400024,3034082
17-10-2019,2014,2038,1999.300049,2030.949951,3818774
18-10-2019,2037.5,2063.899902,2025,2057.350098,3087901
22-10-2019,2080,2111.5,2040.050049,2051.399902,5552505
23-10-2019,2060,2083.850098,2052.5,2070.100098,2348134
24-10-2019,2084,2099,2061.300049,2082,2798671
25-10-2019,2094,2130,2075.050049,2124.949951,3954245
29-10-2019,2121.5,2201.699951,2121.5,2194.850098,5064173
30-10-2019,2225,2260,2176.850098,2252.800049,5195136
31-10-2019,2250,2284.949951,2237,2269.649902,4879261
01-11-2019,2264,2275,2195,2200.899902,4172620
04-11-2019,2207,2229.199951,2180.899902,2193.949951,2646411
05-11-2019,2197,2211,2169,2201.850098,2693475
06-11-2019,2200,2210.800049,2179,2188.5,2540719
07-11-2019,2204.5,2204.5,2175.199951,2185.350098,1915598
08-11-2019,2189.600098,2189.600098,2124,2129.949951,2788759
11-11-2019,2135,2139,2091,2100.949951,2983768
13-11-2019,2118,2183.800049,2118,2178.600098,3823365
14-11-2019,2187.5,2200,2146.699951,2196.800049,2995915
15-11-2019,2196,2211.5,2168.75,2174.449951,2724180
18-11-2019,2178.399902,2187.75,2148.75,2152.600098,1611089
19-11-2019,2153,2154.649902,2105,2108.800049,2975313
20-11-2019,2121.949951,2135,2094.5,2108.550049,2894129
21-11-2019,2112,2126.600098,2107.399902,2118.100098,2052574
22-11-2019,2097,2107,2060.5,2071.699951,3742049
25-11-2019,2074.550049,2084.949951,2052.199951,2081.5,2737010
26-11-2019,2089.850098,2097.899902,2035.050049,2046.650024,6561580
27-11-2019,2052,2071.699951,2046.550049,2054.300049,2907521
28-11-2019,2067.050049,2094.399902,2060,2077.350098,2924429
29-11-2019,2085,2085,2045.800049,2053.25,2064271
02-12-2019,2060,2067.699951,2016,2021.050049,3809860
03-12-2019,2027.699951,2062,2010,2051,4664774
04-12-2019,2053,2082,2045.5,2078.5,3334301
05-12-2019,2083,2126.800049,2068.350098,2121.300049,3902721
06-12-2019,2124,2128,2101,2123.600098,1829461
09-12-2019,2127.949951,2127.949951,2053.5,2060.449951,2244747
10-12-2019,2060,2060.850098,2003.25,2012.849976,4520045
11-12-2019,2025.400024,2048,2006.75,2041.900024,4943024
12-12-2019,2051.100098,2083.649902,1984,2020.900024,7137306
13-12-2019,2023,2077.399902,2007,2071.25,5711133
16-12-2019,2096,2136,2080.300049,2126.75,5574177
17-12-2019,2126.5,2169,2119,2164.949951,6059673
18-12-2019,2174,2203.449951,2153,2167.75,8251081
19-12-2019,2179.800049,2236.5,2167.550049,2229.050049,6251505
20-12-2019,2220,2246.699951,2208.25,2222.899902,5548338
23-12-2019,2210,2241.949951,2210,2231.699951,2247329
24-12-2019,2239,2243.550049,2211.149902,2215.600098,1805896
26-12-2019,2216.399902,2229,2195.199951,2201.949951,1880367
27-12-2019,2208,2226.399902,2176,2198.5,2720261
30-12-2019,2207,2225,2177.100098,2183.199951,2288830
31-12-2019,2189,2197,2157.449951,2161.699951,1909289
01-01-2020,2168,2183.899902,2154,2167.600098,1354908
02-01-2020,2179.949951,2179.949951,2149.199951,2157.649902,2380752
03-01-2020,2164,2223,2164,2200.649902,4655761
06-01-2020,2205,2225.949951,2187.899902,2200.449951,3023209
07-01-2020,2200.5,2214.649902,2183.800049,2205.850098,2429317
08-01-2020,2205,2260,2202.050049,2255.25,5197454
09-01-2020,2248.75,2251.949951,2210,2214.350098,3734173
10-01-2020,2228,2234,2208,2213.550049,1915807
13-01-2020,2217.850098,2218.949951,2184.699951,2190.350098,2843893
14-01-2020,2195,2229.800049,2195,2206.899902,2948452
15-01-2020,2213,2231,2194.199951,2226.899902,2620681
16-01-2020,2226.949951,2249,2215,2238.800049,3117214
17-01-2020,2240.75,2253.550049,2213,2219.100098,3281059
20-01-2020,2194.899902,2242.199951,2156.199951,2170.350098,5817599
21-01-2020,2169.949951,2186.550049,2158.050049,2171.050049,1902980
22-01-2020,2181,2210,2173.699951,2206.899902,1773686
23-01-2020,2209.800049,2217.75,2183.699951,2190.949951,2069866
24-01-2020,2190.949951,2190.949951,2170,2183.399902,1319430
27-01-2020,2189.699951,2193.449951,2165,2169.25,1549101
28-01-2020,2174,2187.800049,2152,2183.75,1743024
29-01-2020,2185,2186.949951,2150,2154.600098,2306761
30-01-2020,2160,2165,2125,2137.850098,2098567
31-01-2020,2139.399902,2144.350098,2071.600098,2079.050049,3287223
03-02-2020,2152,2194.699951,2093.199951,2102.5,4728073
04-02-2020,2129,2136.699951,2086.600098,2107.75,3509339
05-02-2020,2115,2156.699951,2104.300049,2146.550049,2439322
06-02-2020,2145,2174.199951,2115.5,2128.350098,2640065
07-02-2020,2139,2151,2119,2136.550049,2083442
10-02-2020,2140.899902,2167,2119,2161.949951,2383032
11-02-2020,2163,2174.800049,2147.600098,2153.399902,1335820
12-02-2020,2151.100098,2185,2150,2170.75,1620407
13-02-2020,2172.949951,2197,2171,2191.949951,1645948
14-02-2020,2188,2212,2171,2184.199951,1500115
17-02-2020,2196.949951,2217,2190.199951,2203.25,1774724
18-02-2020,2199.949951,2221,2186.050049,2215.75,2486223
19-02-2020,2215.75,2230,2190.5,2196.350098,1760463
20-02-2020,2204.5,2214.399902,2151.25,2156.800049,2317278
24-02-2020,2156,2178.949951,2106.699951,2115.350098,3092877
25-02-2020,2115.5,2176.649902,2111,2156.149902,2674567
26-02-2020,2154,2163.899902,2112.949951,2123.600098,2686842
27-02-2020,2119.949951,2119.949951,2086.199951,2105.5,2349001
28-02-2020,2068,2069.5,1990,2000.150024,4298076
02-03-2020,2035,2053.949951,1985.699951,2001.300049,2667076
03-03-2020,2020,2060,2012,2036.199951,2757585
04-03-2020,2056,2094.449951,2025,2083.199951,3237002
05-03-2020,2085.699951,2147.75,2084.050049,2125.050049,3937056
06-03-2020,2098,2123.649902,2071.600098,2116.449951,2595027
09-03-2020,2075,2079.899902,1935,1972.349976,4940975
11-03-2020,1933,1987.300049,1920,1953.699951,6796449
12-03-2020,1904,1908.400024,1758.349976,1769.849976,8728786
13-03-2020,1687.900024,1820,1506.050049,1806.300049,8029720
16-03-2020,1755,1842.25,1675.849976,1696.400024,7844271
17-03-2020,1730,1731,1623.150024,1658,5713248
18-03-2020,1676.800049,1713.550049,1627.75,1654.400024,7258778
19-03-2020,1559.699951,1685.449951,1546.75,1636.349976,5135111
20-03-2020,1630,1869,1627,1797.449951,8547498
23-03-2020,1620,1750,1617.75,1669.699951,7003490
24-03-2020,1653.050049,1770,1632.849976,1703.150024,6350865
25-03-2020,1700,1810,1680,1750.300049,2765520
26-03-2020,1831.599976,1832.050049,1722.550049,1790.949951,4556067
27-03-2020,1820,1850,1750.400024,1824.5,4331250
30-03-2020,1766,1905,1763.550049,1778.5,8513547
31-03-2020,1837.400024,1855,1780,1826.099976,3927593
01-04-2020,1825.900024,1834.75,1702,1708.75,4941878
03-04-2020,1740,1740,1650,1654.199951,5735369
07-04-2020,1710,1785.849976,1705,1775.199951,5427577
08-04-2020,1760,1806,1701,1705.449951,6285615
09-04-2020,1750.449951,1778.800049,1731.199951,1766.150024,5307397
13-04-2020,1761,1787,1746,1759.25,2990438
15-04-2020,1785,1812,1727.800049,1735.150024,4761399
16-04-2020,1709.949951,1764.900024,1675.050049,1716.050049,6245533
17-04-2020,1800,1851.949951,1753,1806.199951,9895823
20-04-2020,1830,1830,1802.5,1818.650024,3244282
21-04-2020,1765,1794.599976,1727.699951,1737.650024,5122541
22-04-2020,1737.650024,1790,1719.150024,1769.5,3829836
23-04-2020,1780,1900,1760.849976,1878.25,5934366
24-04-2020,1840.699951,1851.949951,1807.800049,1818.550049,2987102
27-04-2020,1832.300049,1875,1825,1836.599976,3374741
28-04-2020,1865,1868,1832.599976,1859.050049,2678505
29-04-2020,1874,1912.550049,1850.050049,1905.650024,4241510
30-04-2020,1980,2032,1942.199951,2014.449951,5915544
04-05-2020,1966,1966,1913.650024,1930.449951,3729348
05-05-2020,1955.099976,1977,1927,1932.75,2905528
06-05-2020,1939.800049,1953.699951,1893.599976,1903.599976,3517431
07-05-2020,1910,1934.449951,1883.349976,1891.650024,3166754
08-05-2020,1939.099976,1939.5,1886.25,1893.400024,2686530
11-05-2020,1909,1951.400024,1909,1935.300049,2449841
12-05-2020,1933.400024,1956.5,1910.25,1949.5,3256595
13-05-2020,1994,1994,1925.650024,1949.650024,2656665
14-05-2020,1910,1923.099976,1891.099976,1902.349976,2263146
15-05-2020,1916,1917.400024,1865.199951,1892.900024,3173682
18-05-2020,1907,1952.949951,1872.099976,1945.599976,3727694
19-05-2020,1903,1966.449951,1903,1948.650024,3198693
20-05-2020,1950,1962.900024,1931.699951,1953.599976,2778505
21-05-2020,1946,1998,1941.150024,1991.199951,3400908
22-05-2020,1977.099976,2032,1961.25,2020.349976,3663418
26-05-2020,2015,2024,1925,1943,4575317
27-05-2020,1959,2010,1941.25,2005.300049,3482160
28-05-2020,1988.5,2014,1971.300049,2004.300049,3475681
29-05-2020,1982,2002.650024,1962.400024,1972.349976,7237735
01-06-2020,1990,2060,1981.099976,2045.25,3747773
02-06-2020,2060.199951,2081,2040.050049,2047.150024,2443886
03-06-2020,2051.850098,2063.75,2020,2046.150024,3699799
04-06-2020,2046.75,2100,2046.75,2091.550049,4048593
05-06-2020,2091.600098,2098,2040.300049,2048.25,3573289
08-06-2020,2078.25,2095,2062.100098,2071.75,2957841
09-06-2020,2063.100098,2095.5,2060.25,2072.050049,2909439
10-06-2020,2077.050049,2132,2073.5,2108.75,5168397
11-06-2020,2100,2105,2061.800049,2067.649902,2269513
12-06-2020,2011.199951,2049.199951,2011,2039.5,2842642
15-06-2020,2039.099976,2059,2000.949951,2029.900024,2399022
16-06-2020,2065,2073.949951,2031,2045.800049,2146528
17-06-2020,2046,2058.850098,2026.550049,2047.800049,2703527
18-06-2020,2045,2059.199951,2025.199951,2038.099976,1944389
19-06-2020,2042,2090,2032,2044.599976,5681758
22-06-2020,2050,2052.25,2019.150024,2027.949951,3196138
23-06-2020,2027,2044,2010,2035.300049,4205944
24-06-2020,2034,2064.25,2031.599976,2042.199951,2560937
25-06-2020,2035,2060,2009.25,2016.099976,3043931
26-06-2020,2025,2132,2019.949951,2118.850098,6300722
29-06-2020,2108,2127.600098,2091.300049,2101.649902,3076341
30-06-2020,2100,2111.899902,2075.050049,2082.149902,3071725
01-07-2020,2079.699951,2113.949951,2079.5,2092.050049,2503466
02-07-2020,2102,2165,2098,2157.149902,3758699
03-07-2020,2163.649902,2205,2160.25,2199.649902,4185208
06-07-2020,2205,2269.899902,2205,2263.199951,5190366
07-07-2020,2275,2302.699951,2232.149902,2269.899902,5630055
08-07-2020,2270,2274.399902,2207.600098,2218.899902,2793358
09-07-2020,2229,2244.5,2191.050049,2204.350098,3443998
10-07-2020,2205.25,2249.850098,2176,2222.350098,9610320
13-07-2020,2220,2244.949951,2210,2220,2963503
14-07-2020,2210,2239,2165,2171.949951,2976738
15-07-2020,2185,2260,2181.100098,2233.899902,5569321
16-07-2020,2244,2333,2220.100098,2234.75,8582118
17-07-2020,2237,2243.899902,2190.050049,2200.75,4509135
20-07-2020,2201,2226.899902,2190.800049,2207.899902,2952646
21-07-2020,2230,2238.649902,2201.149902,2225.050049,2665286
22-07-2020,2231,2231,2184.199951,2190.949951,2861534
23-07-2020,2190.949951,2190.949951,2163,2171.199951,2265766
24-07-2020,2154.5,2163,2125.100098,2157.399902,3665100
27-07-2020,2165,2215,2163.5,2206.800049,4248480
28-07-2020,2215,2320,2215,2309.75,8092319
29-07-2020,2292,2342,2246.050049,2276.050049,6090431
30-07-2020,2285.899902,2358,2272.25,2279.5,7098496
31-07-2020,2303.149902,2334.800049,2257.449951,2281.399902,4723290
03-08-2020,2290.449951,2303.850098,2230.699951,2254.149902,4012337
04-08-2020,2259.949951,2269.649902,2225.050049,2249.699951,2927928
05-08-2020,2260,2300,2253,2259.5,3800641
06-08-2020,2275,2319.5,2265.350098,2308.100098,4748047
07-08-2020,2308,2328,2287,2295.350098,3165491
10-08-2020,2318,2325,2276.050049,2282.800049,2929353
11-08-2020,2283,2312,2275.600098,2279.899902,2774423
12-08-2020,2288.350098,2296.399902,2246.550049,2257.350098,3415751
13-08-2020,2273,2300,2250.5,2254.449951,2695682
14-08-2020,2277,2281.300049,2233.100098,2242.149902,2270405
17-08-2020,2263,2270,2238.25,2253.399902,2625630
18-08-2020,2262.800049,2289,2248.300049,2269.75,3493374
19-08-2020,2276.350098,2284.600098,2252.5,2256.600098,2843005
20-08-2020,2257,2276.550049,2240.050049,2252.850098,2895164
21-08-2020,2260,2271,2241.050049,2248.600098,1975294
24-08-2020,2250.600098,2259.949951,2230,2248.100098,2167966
25-08-2020,2245,2250,2233.550049,2242.649902,1663419
26-08-2020,2242,2259.899902,2216.449951,2253.5,2618149
27-08-2020,2266,2287.350098,2241.75,2248.399902,3579393
28-08-2020,2268.399902,2279.949951,2235.100098,2238.550049,2941136
31-08-2020,2240,2276.199951,2228,2257.25,6018154
01-09-2020,2269,2278,2241.300049,2246.350098,3610908
02-09-2020,2247,2268.75,2241.649902,2265.149902,2084137
03-09-2020,2268,2324,2268,2299.5,4654146
04-09-2020,2275,2324.25,2262.949951,2288.800049,5231303
07-09-2020,2289,2343.5,2283.350098,2327.050049,4620401
08-09-2020,2335.949951,2390.449951,2327.050049,2348.199951,7453998
09-09-2020,2325,2359,2320,2327.649902,3866535
10-09-2020,2335,2348.5,2324.300049,2331.149902,2308813
11-09-2020,2330.949951,2383,2330.149902,2374.100098,4145424
14-09-2020,2384.100098,2505.75,2381.850098,2491.399902,7512131
15-09-2020,2491.399902,2538,2464.600098,2491.399902,7318770
16-09-2020,2488.949951,2507.600098,2477.300049,2503,3074003
17-09-2020,2480,2495.75,2450.600098,2460.949951,4828176
18-09-2020,2485,2500.399902,2436.399902,2449.899902,4183256
21-09-2020,2465,2504.899902,2452.149902,2465.300049,4598809
22-09-2020,2485,2555,2458,2522.949951,7499613
23-09-2020,2510,2519.850098,2409,2467.449951,7502280
24-09-2020,2450,2450,2302.600098,2332.25,8424708
25-09-2020,2368,2440,2352.100098,2422.300049,8228267
28-09-2020,2440,2444,2366,2426.300049,4347166
29-09-2020,2434.850098,2511.050049,2426.300049,2488.399902,6995811
30-09-2020,2489,2505,2460,2492.300049,3917166
01-10-2020,2510,2540,2492.300049,2523.449951,2610337
05-10-2020,2620,2728.100098,2603.050049,2705.800049,17412105
06-10-2020,2736,2736,2650.100098,2714.300049,9846367
07-10-2020,2742,2770,2703,2735.949951,9656101
08-10-2020,2800,2885,2800,2825.699951,19839329
09-10-2020,2810,2829.850098,2780,2812.949951,7739245
12-10-2020,2815.5,2854,2800.75,2830,4623203
13-10-2020,2845,2854.899902,2812.199951,2826.550049,4209878
14-10-2020,2842,2842,2787.550049,2809.600098,4395936
15-10-2020,2811,2827.75,2727,2740.600098,6629355
16-10-2020,2750.100098,2771.649902,2731.300049,2763.300049,5273773
19-10-2020,2774,2774,2706.600098,2711.550049,3331194
20-10-2020,2725,2759.899902,2717.949951,2739,3406273
21-10-2020,2739,2749,2663.050049,2675.399902,4570143
22-10-2020,2661,2686.649902,2638.100098,2671.149902,5262294
23-10-2020,2687.800049,2702,2670.100098,2686.800049,3499091
26-10-2020,2689.949951,2709.949951,2670.5,2688.199951,2672752
27-10-2020,2699.75,2718.149902,2624.100098,2630.149902,3537502
28-10-2020,2650,2655.949951,2606,2622.199951,3569445
29-10-2020,2608,2655,2600.25,2632.649902,3105968
30-10-2020,2636.100098,2674.350098,2621.600098,2664.850098,3427003
02-11-2020,2660,2664.850098,2600.050049,2604.600098,2571196
03-11-2020,2604,2665,2601.050049,2633.600098,2879269
04-11-2020,2610,2721.850098,2610,2653.149902,4893928
05-11-2020,2685,2710,2667,2685.699951,2816502
06-11-2020,2699,2713.25,2681.300049,2707.449951,3884421
09-11-2020,2731.100098,2744,2695.100098,2726.600098,3646592
10-11-2020,2697.199951,2713.149902,2638.350098,2649.600098,4760020
11-11-2020,2667.949951,2692.800049,2643.399902,2687.800049,3242441
12-11-2020,2686,2713,2661.75,2671.050049,2437505
13-11-2020,2655.75,2664.899902,2636,2656.850098,2548093
17-11-2020,2695,2695,2650.050049,2666.050049,2827273
18-11-2020,2661,2664.199951,2607.050049,2626.649902,2893762
19-11-2020,2637,2676.149902,2630.850098,2636.899902,4166002
